environment_steps,updates,critic_optimizer_updates,actor_optimizer_updates_0,actor_optimizer_updates_1,actor_optimizer_steps_total,alpha_optimizer_updates,q_loss,q1_mean,q2_mean,target_q_mean,td_abs_p50,td_abs_p95,td_abs_p99,actor_0_loss,actor_0_grad_norm,alpha_0,entropy_0,action_std_0,action_saturation_0,actor_1_loss,actor_1_grad_norm,alpha_1,entropy_1,action_std_1,action_saturation_1,train_expert_mse_0,train_expert_mse_1,train_bc_drift_mse_0,train_bc_drift_mse_1,validation_expert_mse_0,validation_expert_mse_1,validation_bc_drift_mse_0,validation_bc_drift_mse_1
0,0,0,0,0,0,0,,,,,,,,,,,,,,,,,,,,0.0002256622101413086,0.00018666764663066715,0.0,0.0,0.0009363924618810415,0.000372840731870383,0.0,0.0
355,100,100,0,0,0,0,1961.3431396484375,-56.94902801513672,-57.39452362060547,-61.332855224609375,21.083879470825195,60.61089324951172,80.18373107910156,0.0,0.0,0.20000000298023224,-131.38771057128906,4.974931240081787,0.641183078289032,0.0,0.0,0.20000000298023224,-141.66470336914062,3.6423096656799316,0.54296875,0.0002256622101413086,0.00018666764663066715,0.0,0.0,0.0009363924618810415,0.000372840731870383,0.0,0.0
455,200,200,0,0,0,0,1500.537353515625,-76.99935913085938,-76.80604553222656,-76.33348083496094,17.478910446166992,52.59183883666992,61.468570709228516,0.0,0.0,0.20000000298023224,-149.3799591064453,5.042004585266113,0.6501116156578064,0.0,0.0,0.20000000298023224,-139.3251953125,3.2450830936431885,0.50390625,0.0002256622101413086,0.00018666764663066715,0.0,0.0,0.0009363924618810415,0.000372840731870383,0.0,0.0
555,300,300,0,0,0,0,2958.77490234375,-97.95741271972656,-97.97823333740234,-101.38841247558594,19.121944427490234,57.351444244384766,151.14901733398438,0.0,0.0,0.20000000298023224,-135.96856689453125,4.895720481872559,0.668526828289032,0.0,0.0,0.20000000298023224,-158.0120849609375,3.4088664054870605,0.5262277126312256,0.0002256622101413086,0.00018666764663066715,0.0,0.0,0.0009363924618810415,0.000372840731870383,0.0,0.0
655,400,400,0,0,0,0,1159.64697265625,-119.48268127441406,-119.34829711914062,-118.25625610351562,15.322528839111328,45.27955627441406,77.76050567626953,0.0,0.0,0.20000000298023224,-136.2310791015625,4.847102642059326,0.6556919813156128,0.0,0.0,0.20000000298023224,-168.0929412841797,3.3791685104370117,0.520089328289032,0.0002256622101413086,0.00018666764663066715,0.0,0.0,0.0009363924618810415,0.000372840731870383,0.0,0.0
755,500,500,0,0,0,0,2070.009765625,-154.331787109375,-154.52157592773438,-155.10787963867188,17.011913299560547,46.13907241821289,100.73484802246094,0.0,0.0,0.20000000298023224,-136.0740966796875,4.9689226150512695,0.6668527126312256,0.0,0.0,0.20000000298023224,-189.06698608398438,3.600074291229248,0.5385044813156128,0.0002256622101413086,0.00018666764663066715,0.0,0.0,0.0009363924618810415,0.000372840731870383,0.0,0.0
855,600,600,0,0,0,0,1394.1905517578125,-179.30123901367188,-179.3761749267578,-180.34561157226562,13.482315063476562,48.26066970825195,111.92794799804688,0.0,0.0,0.20000000298023224,-126.5882568359375,4.886722087860107,0.6629464626312256,0.0,0.0,0.20000000298023224,-175.87835693359375,3.4274652004241943,0.5306919813156128,0.0002256622101413086,0.00018666764663066715,0.0,0.0,0.0009363924618810415,0.000372840731870383,0.0,0.0
955,700,700,0,0,0,0,1099.8662109375,-201.86549377441406,-202.70753479003906,-202.2938995361328,13.2906494140625,45.6658821105957,76.32624816894531,0.0,0.0,0.20000000298023224,-135.75433349609375,5.042689800262451,0.6439732313156128,0.0,0.0,0.20000000298023224,-196.29861450195312,3.3709194660186768,0.5390625,0.0002256622101413086,0.00018666764663066715,0.0,0.0,0.0009363924618810415,0.000372840731870383,0.0,0.0
1055,800,800,0,0,0,0,953.203857421875,-231.64724731445312,-230.966552734375,-231.46392822265625,12.995162963867188,43.35744857788086,56.86268615722656,0.0,0.0,0.20000000298023224,-141.34994506835938,5.058377265930176,0.664620578289032,0.0,0.0,0.20000000298023224,-194.44834899902344,3.3954074382781982,0.5541294813156128,0.0002256622101413086,0.00018666764663066715,0.0,0.0,0.0009363924618810415,0.000372840731870383,0.0,0.0
1155,900,900,0,0,0,0,852.2286376953125,-261.9344177246094,-261.51922607421875,-262.267822265625,12.2052001953125,38.3828239440918,74.45263671875,0.0,0.0,0.20000000298023224,-136.11587524414062,4.946713447570801,0.668526828289032,0.0,0.0,0.20000000298023224,-194.54989624023438,3.4640777111053467,0.5334821939468384,0.0002256622101413086,0.00018666764663066715,0.0,0.0,0.0009363924618810415,0.000372840731870383,0.0,0.0
1255,1000,1000,0,0,0,0,717.9450073242188,-295.0133361816406,-294.7664489746094,-294.36224365234375,11.774581909179688,36.852264404296875,51.60637283325195,0.0,0.0,0.20000000298023224,-131.72808837890625,4.981802940368652,0.6780134439468384,0.0,0.0,0.20000000298023224,-193.74586486816406,3.436981678009033,0.527901828289032,0.0002256622101413086,0.00018666764663066715,0.0,0.0,0.0009363924618810415,0.000372840731870383,0.0,0.0
1355,1100,1100,100,100,200,100,539.5255126953125,-226.12881469726562,-226.39877319335938,-224.23504638671875,9.09649658203125,29.060504913330078,48.94318389892578,216.4983367919922,10.57603645324707,0.20316265523433685,-9.780702590942383,0.749991238117218,0.3443080484867096,218.91940307617188,22.014692306518555,0.20354266464710236,-21.298254013061523,0.9958493709564209,0.4179687798023224,0.07143686711788177,0.11920229345560074,0.07048480957746506,0.11863242089748383,0.07258383184671402,0.11738954484462738,0.07044457644224167,0.11592753976583481
1455,1200,1200,200,200,400,200,384.5582580566406,-216.92721557617188,-216.45867919921875,-217.55584716796875,7.932952880859375,29.334239959716797,49.29758834838867,206.9117889404297,7.499260902404785,0.2030114233493805,-3.914900541305542,0.6704529523849487,0.2438616156578064,207.782958984375,18.569265365600586,0.20393970608711243,-8.339595794677734,0.6821615099906921,0.3934151828289032,0.13387636840343475,0.17360340058803558,0.13271498680114746,0.1732223778963089,0.12814441323280334,0.18321524560451508,0.12607070803642273,0.18156975507736206
1555,1300,1300,300,300,600,300,272.0157470703125,-214.64395141601562,-214.61233520507812,-214.5465545654297,6.02276611328125,24.757829666137695,38.24919891357422,208.3658447265625,8.730497360229492,0.2021021693944931,-1.0094319581985474,0.7049213647842407,0.15234375,209.20571899414062,17.13827133178711,0.2037469446659088,-4.16297721862793,0.6504459381103516,0.25390625,0.15902245044708252,0.2324923276901245,0.15771086513996124,0.23214630782604218,0.1529257595539093,0.24466997385025024,0.15075507760047913,0.2427322417497635
1655,1400,1400,400,400,800,400,205.05189514160156,-215.2425994873047,-215.129638671875,-214.82962036132812,5.723548889160156,21.29840660095215,34.850257873535156,210.4144744873047,7.894983291625977,0.20058459043502808,0.3516552448272705,0.730802595615387,0.1227678656578064,211.20639038085938,13.541083335876465,0.2031935155391693,-2.569453477859497,0.7199947237968445,0.2204241156578064,0.17090369760990143,0.23385028541088104,0.1694481074810028,0.23346784710884094,0.16470913589000702,0.24406775832176208,0.1623769849538803,0.24194540083408356
1755,1500,1500,500,500,1000,500,196.77499389648438,-216.10987854003906,-216.80218505859375,-216.12539672851562,5.392738342285156,17.808650970458984,39.29322814941406,213.55630493164062,6.0418620109558105,0.19862455129623413,0.7480823397636414,0.7281667590141296,0.1183035746216774,213.97430419921875,13.475813865661621,0.2023204267024994,-1.5608816146850586,0.725294291973114,0.1819196492433548,0.1760757565498352,0.2431521862745285,0.17448438704013824,0.24284233152866364,0.1695684790611267,0.25245019793510437,0.1671372950077057,0.2503567934036255
1855,1600,1600,600,600,1200,600,150.2246856689453,-204.66226196289062,-204.60006713867188,-204.88241577148438,4.696556091308594,17.421215057373047,31.190149307250977,201.69970703125,5.280610084533691,0.19628117978572845,1.1182163953781128,0.7471368908882141,0.1054687574505806,202.16946411132812,13.52049446105957,0.20120368897914886,-1.236293077468872,0.7068180441856384,0.1556919664144516,0.18105298280715942,0.23854617774486542,0.17945852875709534,0.23830047249794006,0.1748025119304657,0.2478128969669342,0.1723632961511612,0.24582523107528687
1955,1700,1700,700,700,1400,700,179.11968994140625,-198.73036193847656,-198.33241271972656,-199.501953125,4.527717590332031,17.414749145507812,28.2935848236084,196.00221252441406,5.498727321624756,0.19360390305519104,1.5351908206939697,0.7562132477760315,0.1026785746216774,196.56407165527344,14.051795959472656,0.19991563260555267,-0.8671277165412903,0.6891773343086243,0.1450892984867096,0.1781681627035141,0.2332041710615158,0.17659814655780792,0.23307892680168152,0.17273399233818054,0.24096453189849854,0.17033083736896515,0.23915904760360718
