environment_steps,mode,episodes,mean_return,success_rate,final_success_rate,initialization_sequence_sha256,critic_optimizer_updates,actor_optimizer_updates_0,actor_optimizer_updates_1,actor_optimizer_steps_total,alpha_optimizer_updates
400,deterministic,2,24.49551809283964,1.0,0.0,a87d6cf9dc15e5472586ef8aa7fd16523cdd528bd9cc6295fb55cf557421fb10,145,0,0,0,0
400,stochastic,2,6.574769342587972,0.0,0.0,a87d6cf9dc15e5472586ef8aa7fd16523cdd528bd9cc6295fb55cf557421fb10,145,0,0,0,0
600,deterministic,2,24.49551809283964,1.0,0.0,a87d6cf9dc15e5472586ef8aa7fd16523cdd528bd9cc6295fb55cf557421fb10,345,0,0,0,0
600,stochastic,2,4.60462428554219,0.0,0.0,a87d6cf9dc15e5472586ef8aa7fd16523cdd528bd9cc6295fb55cf557421fb10,345,0,0,0,0
1000,deterministic,10,30.8480667185866,0.7,0.2,19841a3401962f77201c881bd1c5865b19aa9a104e7c42c02926d6ccedfd7721,745,0,0,0,0
1000,stochastic,2,6.7292721205173915,0.0,0.0,a87d6cf9dc15e5472586ef8aa7fd16523cdd528bd9cc6295fb55cf557421fb10,745,0,0,0,0
1400,deterministic,2,2.6024268655904965,0.0,0.0,a87d6cf9dc15e5472586ef8aa7fd16523cdd528bd9cc6295fb55cf557421fb10,1145,145,145,290,145
1400,stochastic,2,1.6908997389497122,0.0,0.0,a87d6cf9dc15e5472586ef8aa7fd16523cdd528bd9cc6295fb55cf557421fb10,1145,145,145,290,145
1600,deterministic,2,4.386320743675364,0.0,0.0,a87d6cf9dc15e5472586ef8aa7fd16523cdd528bd9cc6295fb55cf557421fb10,1345,345,345,690,345
1600,stochastic,2,1.46582086624483,0.0,0.0,a87d6cf9dc15e5472586ef8aa7fd16523cdd528bd9cc6295fb55cf557421fb10,1345,345,345,690,345
2000,deterministic,10,1.5931372352600104,0.0,0.0,19841a3401962f77201c881bd1c5865b19aa9a104e7c42c02926d6ccedfd7721,1745,745,745,1490,745
2000,stochastic,2,1.3639570314071863,0.0,0.0,a87d6cf9dc15e5472586ef8aa7fd16523cdd528bd9cc6295fb55cf557421fb10,1745,745,745,1490,745
